                  epoch,         train/box_loss,         train/cls_loss,         train/dfl_loss,   metrics/precision(B),      metrics/recall(B),       metrics/mAP50(B),    metrics/mAP50-95(B),           val/box_loss,           val/cls_loss,           val/dfl_loss,                 lr/pg0,                 lr/pg1,                 lr/pg2
                      1,                 0.6325,                 2.8019,                 1.2294,                0.79359,                0.45455,                0.57226,                0.54682,                0.30732,                 2.2097,                0.81094,                  4e-05,                  4e-05,                  4e-05
                      2,                0.47759,                  1.617,                 1.0002,                0.90842,                      1,                   0.98,                0.93169,                0.30794,                 1.4243,                0.81226,               8.02e-05,               8.02e-05,               8.02e-05
                      3,                0.55239,                 1.0365,                 1.0414,                0.96719,                      1,                  0.995,                0.94826,                0.32229,                 2.4862,                0.81964,              9.664e-05,              9.664e-05,              9.664e-05
                      4,                0.47477,                0.85037,                0.94371,                0.90837,                      1,                  0.995,                0.92463,                0.36352,                 1.1075,                0.82533,              8.932e-05,              8.932e-05,              8.932e-05
                      5,                0.40871,                0.61023,                0.90958,                0.91139,                      1,                  0.995,                0.93968,                 0.3626,                0.96776,                0.81999,              5.824e-05,              5.824e-05,              5.824e-05
