                  epoch,         train/box_loss,         train/cls_loss,         train/dfl_loss,   metrics/precision(B),      metrics/recall(B),       metrics/mAP50(B),    metrics/mAP50-95(B),           val/box_loss,           val/cls_loss,           val/dfl_loss,                 lr/pg0,                 lr/pg1,                 lr/pg2
                      1,                0.89258,                  2.519,                 1.6306,                  0.005,                      1,                0.01228,                 0.0112,                0.35112,                 3.0528,                 0.9215,                      0,                      0,                      0
                      2,                0.70446,                 2.1385,                 1.2791,                  0.005,                      1,                0.33167,                0.33167,                0.26986,                 2.4148,                0.87719,              1.604e-05,              1.604e-05,              1.604e-05
                      3,                0.61783,                 1.4453,                 1.3152,                0.71009,                      1,                 0.9125,                 0.9125,                0.22044,                 1.4033,                0.85147,              2.416e-05,              2.416e-05,              2.416e-05
                      4,                0.52951,                0.98724,                 1.1222,                0.98078,                      1,                  0.995,                  0.995,                0.18592,                0.69259,                0.83621,              2.436e-05,              2.436e-05,              2.436e-05
                      5,                0.37908,                0.69935,                 1.1046,                0.97777,                      1,                  0.995,                  0.995,                0.16571,                0.70056,                0.83227,              1.664e-05,              1.664e-05,              1.664e-05
